file,interment_id
greenwood-volume-01.json,3692
greenwood-volume-01.json,5336
greenwood-volume-01.json,9752
greenwood-volume-02.json,10234
greenwood-volume-02.json,10611
greenwood-volume-02.json,12078
greenwood-volume-02.json,14540
greenwood-volume-03.json,19359
greenwood-volume-03.json,20207
greenwood-volume-03.json,20973
greenwood-volume-03.json,22146
greenwood-volume-03.json,23046
greenwood-volume-03.json,23756
greenwood-volume-04.json,25876
greenwood-volume-04.json,25877
greenwood-volume-04.json,25878
greenwood-volume-04.json,25879
greenwood-volume-04.json,25880
greenwood-volume-04.json,25881
greenwood-volume-04.json,25882
greenwood-volume-04.json,25883
greenwood-volume-04.json,25884
greenwood-volume-04.json,25885
greenwood-volume-04.json,25886
greenwood-volume-04.json,25887
greenwood-volume-04.json,25888
greenwood-volume-04.json,25889
greenwood-volume-04.json,25890
greenwood-volume-04.json,25891
greenwood-volume-04.json,25892
greenwood-volume-04.json,25893
greenwood-volume-04.json,25894
greenwood-volume-04.json,25895
greenwood-volume-04.json,25896
greenwood-volume-04.json,25897
greenwood-volume-04.json,25898
greenwood-volume-04.json,25899
greenwood-volume-04.json,25900
greenwood-volume-04.json,25901
greenwood-volume-04.json,25902
greenwood-volume-04.json,25903
greenwood-volume-04.json,25904
greenwood-volume-04.json,25905
greenwood-volume-04.json,25906
greenwood-volume-04.json,25907
greenwood-volume-04.json,25908
greenwood-volume-04.json,25909
greenwood-volume-04.json,25910
greenwood-volume-04.json,25911
greenwood-volume-04.json,25912
greenwood-volume-04.json,25913
greenwood-volume-04.json,25914
greenwood-volume-04.json,25915
greenwood-volume-04.json,25916
greenwood-volume-04.json,25917
greenwood-volume-04.json,25918
greenwood-volume-04.json,25919
greenwood-volume-04.json,25920
greenwood-volume-04.json,25921
greenwood-volume-04.json,25922
greenwood-volume-04.json,25923
greenwood-volume-04.json,25924
greenwood-volume-04.json,25925
greenwood-volume-04.json,25926
greenwood-volume-04.json,25927
greenwood-volume-04.json,25928
greenwood-volume-04.json,25929
greenwood-volume-04.json,25930
greenwood-volume-04.json,25931
greenwood-volume-04.json,25932
greenwood-volume-04.json,25933
greenwood-volume-04.json,25934
greenwood-volume-04.json,25935
greenwood-volume-04.json,25936
greenwood-volume-04.json,25937
greenwood-volume-04.json,25938
greenwood-volume-04.json,25939
greenwood-volume-04.json,25940
greenwood-volume-04.json,25941
greenwood-volume-04.json,25942
greenwood-volume-04.json,25943
greenwood-volume-04.json,25944
greenwood-volume-04.json,25945
greenwood-volume-04.json,25946
greenwood-volume-04.json,25947
greenwood-volume-04.json,25948
greenwood-volume-04.json,25949
greenwood-volume-04.json,25950
greenwood-volume-04.json,25951
greenwood-volume-04.json,25952
greenwood-volume-04.json,25953
greenwood-volume-04.json,25954
greenwood-volume-04.json,25955
greenwood-volume-04.json,25956
greenwood-volume-04.json,25957
greenwood-volume-04.json,25958
greenwood-volume-04.json,25959
greenwood-volume-04.json,25960
greenwood-volume-04.json,25961
greenwood-volume-04.json,25962
greenwood-volume-04.json,25963
greenwood-volume-04.json,25964
greenwood-volume-04.json,25965
greenwood-volume-04.json,25966
greenwood-volume-04.json,25967
greenwood-volume-04.json,25968
greenwood-volume-04.json,25969
greenwood-volume-04.json,25970
greenwood-volume-04.json,25971
greenwood-volume-04.json,25972
greenwood-volume-04.json,25973
greenwood-volume-04.json,25974
greenwood-volume-04.json,25975
greenwood-volume-04.json,25976
greenwood-volume-04.json,25977
greenwood-volume-04.json,25978
greenwood-volume-04.json,25979
greenwood-volume-04.json,25980
greenwood-volume-04.json,25981
greenwood-volume-04.json,25982
greenwood-volume-04.json,25983
greenwood-volume-04.json,25984
greenwood-volume-04.json,25985
greenwood-volume-04.json,25986
greenwood-volume-04.json,25987
greenwood-volume-04.json,25988
greenwood-volume-04.json,25989
greenwood-volume-04.json,25990
greenwood-volume-04.json,25991
greenwood-volume-04.json,25992
greenwood-volume-04.json,25993
greenwood-volume-04.json,25994
greenwood-volume-04.json,25995
greenwood-volume-04.json,25996
greenwood-volume-04.json,25997
greenwood-volume-04.json,25998
greenwood-volume-04.json,25999
greenwood-volume-04.json,26000
greenwood-volume-04.json,26001
greenwood-volume-04.json,26002
greenwood-volume-04.json,26003
greenwood-volume-04.json,26004
greenwood-volume-04.json,26005
greenwood-volume-04.json,26006
greenwood-volume-04.json,26007
greenwood-volume-04.json,26008
greenwood-volume-04.json,26009
greenwood-volume-04.json,26010
greenwood-volume-04.json,26011
greenwood-volume-04.json,26012
greenwood-volume-04.json,26013
greenwood-volume-04.json,26014
greenwood-volume-04.json,26015
greenwood-volume-04.json,26016
greenwood-volume-04.json,26017
greenwood-volume-04.json,26018
greenwood-volume-04.json,26019
greenwood-volume-04.json,26020
greenwood-volume-04.json,26021
greenwood-volume-04.json,26022
greenwood-volume-04.json,26023
greenwood-volume-04.json,26024
greenwood-volume-04.json,26025
greenwood-volume-04.json,26026
greenwood-volume-04.json,26027
greenwood-volume-04.json,26028
greenwood-volume-04.json,26029
greenwood-volume-04.json,26030
greenwood-volume-04.json,24520
greenwood-volume-04.json,24521
greenwood-volume-04.json,24522
greenwood-volume-04.json,24523
greenwood-volume-04.json,24524
greenwood-volume-04.json,24525
greenwood-volume-04.json,24526
greenwood-volume-04.json,24527
greenwood-volume-04.json,24528
greenwood-volume-04.json,24529
greenwood-volume-04.json,24530
greenwood-volume-04.json,24531
greenwood-volume-04.json,24532
greenwood-volume-04.json,24533
greenwood-volume-04.json,24534
greenwood-volume-04.json,24535
greenwood-volume-04.json,24536
greenwood-volume-04.json,24537
greenwood-volume-04.json,24538
greenwood-volume-04.json,24539
greenwood-volume-04.json,24540
greenwood-volume-04.json,24541
greenwood-volume-04.json,24542
greenwood-volume-04.json,24543
greenwood-volume-04.json,24544
greenwood-volume-04.json,24545
greenwood-volume-04.json,24546
greenwood-volume-04.json,24547
greenwood-volume-04.json,24548
greenwood-volume-04.json,24549
greenwood-volume-04.json,24550
greenwood-volume-04.json,24551
greenwood-volume-04.json,24552
greenwood-volume-04.json,24553
greenwood-volume-04.json,24554
greenwood-volume-04.json,24555
greenwood-volume-04.json,24556
greenwood-volume-04.json,24557
greenwood-volume-04.json,24558
greenwood-volume-04.json,24559
greenwood-volume-04.json,24560
greenwood-volume-04.json,24561
greenwood-volume-04.json,24562
greenwood-volume-04.json,24563
greenwood-volume-04.json,24564
greenwood-volume-04.json,24565
greenwood-volume-04.json,24566
greenwood-volume-04.json,24567
greenwood-volume-04.json,24568
greenwood-volume-04.json,24569
greenwood-volume-04.json,24570
greenwood-volume-04.json,28656
greenwood-volume-04.json,28657
greenwood-volume-04.json,28658
greenwood-volume-04.json,28660
greenwood-volume-04.json,28661
greenwood-volume-04.json,28662
greenwood-volume-04.json,28663
greenwood-volume-04.json,28664
greenwood-volume-04.json,28665
greenwood-volume-04.json,28666
greenwood-volume-04.json,28667
greenwood-volume-04.json,28668
greenwood-volume-04.json,28669
greenwood-volume-04.json,28670
greenwood-volume-04.json,28671
greenwood-volume-04.json,28672
greenwood-volume-04.json,28673
greenwood-volume-04.json,28674
greenwood-volume-04.json,28675
greenwood-volume-04.json,28676
greenwood-volume-04.json,28677
greenwood-volume-04.json,28678
greenwood-volume-04.json,28679
greenwood-volume-04.json,28680
greenwood-volume-04.json,28681
greenwood-volume-04.json,28682
greenwood-volume-04.json,28683
greenwood-volume-04.json,28684
greenwood-volume-04.json,28685
greenwood-volume-04.json,28686
greenwood-volume-04.json,28687
greenwood-volume-04.json,28688
greenwood-volume-04.json,28689
greenwood-volume-04.json,28690
greenwood-volume-04.json,28691
greenwood-volume-04.json,28692
greenwood-volume-04.json,28693
greenwood-volume-04.json,28694
greenwood-volume-04.json,28695
greenwood-volume-04.json,28696
greenwood-volume-04.json,28697
greenwood-volume-04.json,28698
greenwood-volume-04.json,28699
greenwood-volume-04.json,28700
greenwood-volume-04.json,28701
greenwood-volume-04.json,28702
greenwood-volume-04.json,28703
greenwood-volume-04.json,28704
greenwood-volume-04.json,28705
greenwood-volume-04.json,28706
greenwood-volume-04.json,29659
greenwood-volume-05.json,32762
greenwood-volume-05.json,39007
greenwood-volume-05.json,39420
greenwood-volume-06.json,45141
greenwood-volume-07.json,51550
greenwood-volume-07.json,51551
greenwood-volume-07.json,51552
greenwood-volume-07.json,51553
greenwood-volume-07.json,51554
greenwood-volume-07.json,51555
greenwood-volume-07.json,51556
greenwood-volume-07.json,56936
greenwood-volume-07.json,56937
greenwood-volume-07.json,56938
greenwood-volume-07.json,56940
greenwood-volume-07.json,56941
greenwood-volume-07.json,56942
greenwood-volume-07.json,56943
greenwood-volume-07.json,54728
greenwood-volume-08.json,68857
greenwood-volume-09.json,69613
greenwood-volume-09.json,77502
greenwood-volume-09.json,77503
greenwood-volume-09.json,77504
greenwood-volume-09.json,77505
greenwood-volume-09.json,77506
greenwood-volume-09.json,77507
greenwood-volume-09.json,77508
greenwood-volume-09.json,77509
greenwood-volume-09.json,77510
greenwood-volume-09.json,77511
greenwood-volume-09.json,77512
greenwood-volume-09.json,77513
greenwood-volume-09.json,77514
greenwood-volume-09.json,77515
greenwood-volume-09.json,77516
greenwood-volume-09.json,77517
greenwood-volume-09.json,77518
greenwood-volume-09.json,77519
greenwood-volume-09.json,77520
greenwood-volume-09.json,77521
greenwood-volume-09.json,77522
greenwood-volume-09.json,77523
greenwood-volume-09.json,77524
greenwood-volume-09.json,77525
greenwood-volume-09.json,77526
greenwood-volume-09.json,77527
greenwood-volume-09.json,77528
greenwood-volume-09.json,77529
greenwood-volume-09.json,77530
greenwood-volume-09.json,77531
greenwood-volume-09.json,77532
greenwood-volume-09.json,77533
greenwood-volume-09.json,77534
greenwood-volume-09.json,77535
greenwood-volume-09.json,77536
greenwood-volume-09.json,77537
greenwood-volume-09.json,77538
greenwood-volume-09.json,77539
greenwood-volume-09.json,77540
greenwood-volume-09.json,77541
greenwood-volume-09.json,77542
greenwood-volume-09.json,77543
greenwood-volume-09.json,77544
greenwood-volume-09.json,77545
greenwood-volume-09.json,77546
greenwood-volume-09.json,77547
greenwood-volume-09.json,77548
greenwood-volume-09.json,77549
greenwood-volume-09.json,77550
greenwood-volume-09.json,77551
greenwood-volume-09.json,77552
greenwood-volume-09.json,77553
greenwood-volume-09.json,77554
greenwood-volume-09.json,77555
greenwood-volume-09.json,77556
greenwood-volume-09.json,77557
greenwood-volume-09.json,77558
greenwood-volume-09.json,77559
greenwood-volume-10.json,81304
greenwood-volume-10.json,81314
greenwood-volume-10.json,81819
greenwood-volume-10.json,86349
greenwood-volume-10.json,86597
greenwood-volume-11.json,88319
greenwood-volume-11.json,90383
greenwood-volume-11.json,91445
greenwood-volume-17.json,134204
greenwood-volume-17.json,134205
greenwood-volume-17.json,134206
greenwood-volume-17.json,134207
greenwood-volume-17.json,134208
greenwood-volume-17.json,134209
greenwood-volume-17.json,134210
greenwood-volume-17.json,134211
greenwood-volume-17.json,134212
greenwood-volume-17.json,134213
greenwood-volume-17.json,136568
greenwood-volume-17.json,136569
greenwood-volume-18.json,143351
greenwood-volume-18.json,143352
greenwood-volume-18.json,143353
greenwood-volume-18.json,143354
greenwood-volume-18.json,143355
greenwood-volume-18.json,143356
greenwood-volume-18.json,143357
greenwood-volume-18.json,143358
greenwood-volume-18.json,143359
greenwood-volume-18.json,143360
greenwood-volume-18.json,143361
greenwood-volume-18.json,143362
greenwood-volume-18.json,143363
greenwood-volume-18.json,143364
greenwood-volume-18.json,143365
greenwood-volume-18.json,143366
greenwood-volume-18.json,143367
greenwood-volume-18.json,143368
greenwood-volume-18.json,143369
greenwood-volume-18.json,143370
greenwood-volume-18.json,143371
greenwood-volume-18.json,143372
greenwood-volume-18.json,143373
greenwood-volume-18.json,143374
greenwood-volume-18.json,143375
greenwood-volume-18.json,143376
greenwood-volume-18.json,143377
greenwood-volume-18.json,143378
greenwood-volume-18.json,143379
greenwood-volume-18.json,143380
greenwood-volume-18.json,143381
greenwood-volume-18.json,143382
greenwood-volume-18.json,143383
greenwood-volume-18.json,143384
greenwood-volume-18.json,143385
greenwood-volume-18.json,143386
greenwood-volume-18.json,143387
greenwood-volume-18.json,143388
greenwood-volume-18.json,143389
greenwood-volume-18.json,143390
greenwood-volume-18.json,143391
greenwood-volume-18.json,143392
greenwood-volume-18.json,143393
greenwood-volume-18.json,143394
greenwood-volume-18.json,143395
greenwood-volume-18.json,143396
greenwood-volume-18.json,143397
greenwood-volume-18.json,143398
greenwood-volume-18.json,143399
greenwood-volume-18.json,143400
greenwood-volume-18.json,143401
greenwood-volume-18.json,143402
greenwood-volume-18.json,143403
greenwood-volume-18.json,143404
greenwood-volume-18.json,143405
greenwood-volume-18.json,143406
greenwood-volume-18.json,143407
greenwood-volume-18.json,143408
greenwood-volume-18.json,143409
greenwood-volume-18.json,143410
greenwood-volume-18.json,143411
greenwood-volume-18.json,143412
greenwood-volume-18.json,143413
greenwood-volume-18.json,143414
greenwood-volume-18.json,143415
greenwood-volume-18.json,143416
greenwood-volume-18.json,143417
greenwood-volume-18.json,143418
greenwood-volume-18.json,143419
greenwood-volume-18.json,143420
greenwood-volume-18.json,143421
greenwood-volume-18.json,143422
greenwood-volume-18.json,143423
greenwood-volume-18.json,143424
greenwood-volume-18.json,143425
greenwood-volume-18.json,143426
greenwood-volume-18.json,143427
greenwood-volume-18.json,143428
greenwood-volume-18.json,143429
greenwood-volume-18.json,143430
greenwood-volume-18.json,143431
greenwood-volume-18.json,143432
greenwood-volume-18.json,143433
greenwood-volume-18.json,143434
greenwood-volume-18.json,143435
greenwood-volume-18.json,143436
greenwood-volume-18.json,143437
greenwood-volume-18.json,143438
greenwood-volume-18.json,143439
greenwood-volume-18.json,143440
greenwood-volume-18.json,143441
greenwood-volume-18.json,143442
greenwood-volume-18.json,143443
greenwood-volume-18.json,143444
greenwood-volume-18.json,143445
greenwood-volume-18.json,143446
greenwood-volume-18.json,143447
greenwood-volume-18.json,143448
greenwood-volume-18.json,143449
greenwood-volume-18.json,143450
greenwood-volume-18.json,143451
greenwood-volume-18.json,143452
greenwood-volume-18.json,143453
greenwood-volume-18.json,143454
greenwood-volume-18.json,143455
greenwood-volume-18.json,143456
greenwood-volume-18.json,143457
greenwood-volume-18.json,143458
greenwood-volume-18.json,143459
greenwood-volume-18.json,143460
greenwood-volume-18.json,143461
greenwood-volume-18.json,143462
greenwood-volume-18.json,143463
greenwood-volume-18.json,143464
greenwood-volume-18.json,143465
greenwood-volume-18.json,143466
greenwood-volume-18.json,143467
greenwood-volume-18.json,143468
greenwood-volume-18.json,143469
greenwood-volume-18.json,143470
greenwood-volume-18.json,143471
greenwood-volume-18.json,143472
greenwood-volume-18.json,143473
greenwood-volume-18.json,143474
greenwood-volume-18.json,143475
greenwood-volume-18.json,143476
greenwood-volume-18.json,143477
greenwood-volume-18.json,143478
greenwood-volume-18.json,143479
greenwood-volume-18.json,143480
greenwood-volume-18.json,143481
greenwood-volume-18.json,143482
greenwood-volume-18.json,143483
greenwood-volume-18.json,143484
greenwood-volume-18.json,143485
greenwood-volume-18.json,143486
greenwood-volume-18.json,143487
greenwood-volume-18.json,143488
greenwood-volume-18.json,143489
greenwood-volume-18.json,143490
greenwood-volume-18.json,143491
greenwood-volume-18.json,143492
greenwood-volume-18.json,143493
greenwood-volume-18.json,143494
greenwood-volume-18.json,143495
greenwood-volume-18.json,143496
greenwood-volume-18.json,143497
greenwood-volume-18.json,143498
greenwood-volume-18.json,143499
greenwood-volume-18.json,143500
greenwood-volume-18.json,143501
greenwood-volume-18.json,143502
greenwood-volume-18.json,143503
greenwood-volume-18.json,143504
greenwood-volume-18.json,143505
greenwood-volume-18.json,143506
greenwood-volume-18.json,143507
greenwood-volume-18.json,143508
greenwood-volume-18.json,143509
greenwood-volume-18.json,143510
greenwood-volume-18.json,143511
greenwood-volume-18.json,143512
greenwood-volume-18.json,143513
greenwood-volume-18.json,143514
greenwood-volume-18.json,143515
greenwood-volume-18.json,143516
greenwood-volume-18.json,143517
greenwood-volume-18.json,143518
greenwood-volume-18.json,143519
greenwood-volume-18.json,143520
greenwood-volume-18.json,143521
greenwood-volume-18.json,143522
greenwood-volume-18.json,143523
greenwood-volume-18.json,143524
greenwood-volume-18.json,143525
greenwood-volume-18.json,143526
greenwood-volume-18.json,143527
greenwood-volume-18.json,143528
greenwood-volume-18.json,143529
greenwood-volume-18.json,143530
greenwood-volume-18.json,143531
greenwood-volume-18.json,143532
greenwood-volume-18.json,143533
greenwood-volume-18.json,143534
greenwood-volume-18.json,143535
greenwood-volume-18.json,143536
greenwood-volume-18.json,143537
greenwood-volume-18.json,143538
greenwood-volume-18.json,143539
greenwood-volume-18.json,143540
greenwood-volume-18.json,143541
greenwood-volume-18.json,143542
greenwood-volume-18.json,143543
greenwood-volume-18.json,143544
greenwood-volume-18.json,143545
greenwood-volume-18.json,143546
greenwood-volume-18.json,143547
greenwood-volume-18.json,143548
greenwood-volume-18.json,143549
greenwood-volume-18.json,143550
greenwood-volume-18.json,143551
greenwood-volume-18.json,143552
greenwood-volume-18.json,143553
greenwood-volume-18.json,143554
greenwood-volume-18.json,143555
greenwood-volume-18.json,143556
greenwood-volume-18.json,143557
greenwood-volume-18.json,143558
greenwood-volume-18.json,143559
greenwood-volume-18.json,143560
greenwood-volume-18.json,143561
greenwood-volume-18.json,143562
greenwood-volume-18.json,143563
greenwood-volume-18.json,143564
greenwood-volume-18.json,143565
greenwood-volume-18.json,143566
greenwood-volume-18.json,143567
greenwood-volume-18.json,143568
greenwood-volume-18.json,143569
greenwood-volume-18.json,143570
greenwood-volume-18.json,143571
greenwood-volume-18.json,143572
greenwood-volume-18.json,143573
greenwood-volume-18.json,143574
greenwood-volume-18.json,143575
greenwood-volume-18.json,143576
greenwood-volume-18.json,143577
greenwood-volume-18.json,143578
greenwood-volume-18.json,143579
greenwood-volume-18.json,143580
greenwood-volume-18.json,143581
greenwood-volume-18.json,143582
greenwood-volume-18.json,143583
greenwood-volume-18.json,143584
greenwood-volume-18.json,143585
greenwood-volume-18.json,143586
greenwood-volume-18.json,143587
greenwood-volume-18.json,143588
greenwood-volume-18.json,143589
greenwood-volume-18.json,143590
greenwood-volume-18.json,143591
greenwood-volume-18.json,143592
greenwood-volume-18.json,143593
greenwood-volume-18.json,143594
greenwood-volume-18.json,143595
greenwood-volume-18.json,143596
greenwood-volume-18.json,143597
greenwood-volume-18.json,143598
greenwood-volume-18.json,143599
greenwood-volume-18.json,143600
greenwood-volume-18.json,143601
greenwood-volume-18.json,143602
greenwood-volume-18.json,143603
greenwood-volume-18.json,143604
greenwood-volume-18.json,143605
greenwood-volume-18.json,143606
greenwood-volume-18.json,143607
greenwood-volume-18.json,143608
greenwood-volume-18.json,143609
greenwood-volume-18.json,143610
greenwood-volume-18.json,143611
greenwood-volume-18.json,143612
greenwood-volume-18.json,143613
greenwood-volume-18.json,143614
greenwood-volume-18.json,143615
greenwood-volume-18.json,143616
greenwood-volume-18.json,143617
greenwood-volume-18.json,143618
greenwood-volume-18.json,143619
greenwood-volume-18.json,143620
greenwood-volume-18.json,143621
greenwood-volume-18.json,143622
greenwood-volume-18.json,143623
greenwood-volume-18.json,143624
greenwood-volume-18.json,143625
greenwood-volume-18.json,143626
greenwood-volume-18.json,143627
greenwood-volume-18.json,143628
greenwood-volume-18.json,143629
greenwood-volume-18.json,143630
greenwood-volume-18.json,143631
greenwood-volume-18.json,143632
greenwood-volume-18.json,143633
greenwood-volume-18.json,143634
greenwood-volume-18.json,143635
greenwood-volume-18.json,143636
greenwood-volume-18.json,143637
greenwood-volume-18.json,143638
greenwood-volume-18.json,143639
greenwood-volume-18.json,143640
greenwood-volume-18.json,143641
greenwood-volume-18.json,143642
greenwood-volume-18.json,143643
greenwood-volume-18.json,143644
greenwood-volume-18.json,143645
greenwood-volume-18.json,143646
greenwood-volume-18.json,143647
greenwood-volume-18.json,143648
greenwood-volume-18.json,143649
greenwood-volume-18.json,143650
greenwood-volume-18.json,143651
greenwood-volume-18.json,143652
greenwood-volume-18.json,143653
greenwood-volume-18.json,143654
greenwood-volume-18.json,143655
greenwood-volume-18.json,143656
greenwood-volume-18.json,143657
greenwood-volume-18.json,143658
greenwood-volume-18.json,143659
greenwood-volume-18.json,143660
greenwood-volume-18.json,143661
greenwood-volume-18.json,143662
greenwood-volume-18.json,143663
greenwood-volume-18.json,143664
greenwood-volume-18.json,143665
greenwood-volume-18.json,143666
greenwood-volume-18.json,143667
greenwood-volume-18.json,143668
greenwood-volume-18.json,143669
greenwood-volume-18.json,143670
greenwood-volume-18.json,143671
greenwood-volume-18.json,143672
greenwood-volume-18.json,143673
greenwood-volume-18.json,143674
greenwood-volume-18.json,143675
greenwood-volume-18.json,143676
greenwood-volume-18.json,143677
greenwood-volume-18.json,143678
greenwood-volume-18.json,143679
greenwood-volume-18.json,143680
greenwood-volume-18.json,143681
greenwood-volume-18.json,143682
greenwood-volume-18.json,143683
greenwood-volume-18.json,143684
greenwood-volume-18.json,143685
greenwood-volume-18.json,143686
greenwood-volume-18.json,143687
greenwood-volume-18.json,143688
greenwood-volume-18.json,143689
greenwood-volume-18.json,143690
greenwood-volume-18.json,143691
greenwood-volume-18.json,143692
greenwood-volume-18.json,143693
greenwood-volume-18.json,143694
greenwood-volume-18.json,143695
greenwood-volume-18.json,143696
greenwood-volume-18.json,143697
greenwood-volume-18.json,143698
greenwood-volume-18.json,143699
greenwood-volume-18.json,143700
greenwood-volume-18.json,143701
greenwood-volume-18.json,143702
greenwood-volume-18.json,143703
greenwood-volume-18.json,143704
greenwood-volume-18.json,143705
greenwood-volume-18.json,143706
greenwood-volume-18.json,143707
greenwood-volume-18.json,143708
greenwood-volume-18.json,143709
greenwood-volume-18.json,143710
greenwood-volume-18.json,143711
greenwood-volume-18.json,143712
greenwood-volume-18.json,143713
greenwood-volume-18.json,143714
greenwood-volume-18.json,143715
greenwood-volume-18.json,143716
greenwood-volume-18.json,143717
greenwood-volume-18.json,143718
greenwood-volume-18.json,143719
greenwood-volume-18.json,143720
greenwood-volume-18.json,143721
greenwood-volume-18.json,143722
greenwood-volume-18.json,143723
greenwood-volume-18.json,143724
greenwood-volume-18.json,143725
greenwood-volume-18.json,143726
greenwood-volume-18.json,143727
greenwood-volume-18.json,143728
greenwood-volume-18.json,143729
greenwood-volume-18.json,143730
greenwood-volume-18.json,143731
greenwood-volume-18.json,143732
greenwood-volume-18.json,143733
greenwood-volume-18.json,143734
greenwood-volume-18.json,143735
greenwood-volume-18.json,143736
greenwood-volume-18.json,143737
greenwood-volume-18.json,143738
greenwood-volume-18.json,143739
greenwood-volume-18.json,143740
greenwood-volume-18.json,143741
greenwood-volume-18.json,143742
greenwood-volume-18.json,143743
greenwood-volume-18.json,143744
greenwood-volume-18.json,143745
greenwood-volume-18.json,143746
greenwood-volume-18.json,143747
greenwood-volume-18.json,143748
greenwood-volume-18.json,143749
greenwood-volume-18.json,143750
greenwood-volume-18.json,143751
greenwood-volume-18.json,143752
greenwood-volume-18.json,143753
greenwood-volume-18.json,143754
greenwood-volume-18.json,143755
greenwood-volume-18.json,143756
greenwood-volume-18.json,143757
greenwood-volume-18.json,143758
greenwood-volume-18.json,143759
greenwood-volume-18.json,143760
greenwood-volume-18.json,143761
greenwood-volume-18.json,143762
greenwood-volume-18.json,143763
greenwood-volume-18.json,143764
greenwood-volume-18.json,143765
greenwood-volume-18.json,143766
greenwood-volume-18.json,143767
greenwood-volume-18.json,143768
greenwood-volume-18.json,143769
greenwood-volume-18.json,143770
greenwood-volume-18.json,143771
greenwood-volume-18.json,143772
greenwood-volume-18.json,143773
greenwood-volume-18.json,143774
greenwood-volume-18.json,143775
greenwood-volume-18.json,143776
greenwood-volume-18.json,143777
greenwood-volume-18.json,143778
greenwood-volume-18.json,143779
greenwood-volume-18.json,143780
greenwood-volume-18.json,143781
greenwood-volume-18.json,143782
greenwood-volume-18.json,143783
greenwood-volume-18.json,143784
greenwood-volume-18.json,143785
greenwood-volume-18.json,143786
greenwood-volume-18.json,143787
greenwood-volume-18.json,143788
greenwood-volume-18.json,143789
greenwood-volume-18.json,143790
greenwood-volume-18.json,143791
greenwood-volume-18.json,143792
greenwood-volume-18.json,143793
greenwood-volume-18.json,143794
greenwood-volume-18.json,143795
greenwood-volume-18.json,143796
greenwood-volume-18.json,143797
greenwood-volume-18.json,143798
greenwood-volume-18.json,143799
greenwood-volume-18.json,143800
greenwood-volume-18.json,143801
greenwood-volume-18.json,143802
greenwood-volume-18.json,143803
greenwood-volume-18.json,143804
greenwood-volume-18.json,143805
greenwood-volume-18.json,143806
greenwood-volume-19.json,150760
greenwood-volume-20.json,
greenwood-volume-21.json,160506
greenwood-volume-21.json,160507
greenwood-volume-21.json,160508
greenwood-volume-21.json,160509
greenwood-volume-21.json,160510
greenwood-volume-21.json,160511
greenwood-volume-21.json,160512
greenwood-volume-21.json,160513
greenwood-volume-21.json,160514
greenwood-volume-21.json,160515
greenwood-volume-21.json,160516
greenwood-volume-21.json,160517
greenwood-volume-21.json,160518
greenwood-volume-21.json,160519
greenwood-volume-21.json,160520
greenwood-volume-21.json,160521
greenwood-volume-21.json,160522
greenwood-volume-21.json,160523
greenwood-volume-21.json,160524
greenwood-volume-21.json,160525
greenwood-volume-21.json,160526
greenwood-volume-21.json,160527
greenwood-volume-21.json,160528
greenwood-volume-21.json,160529
greenwood-volume-21.json,160530
greenwood-volume-21.json,160531
greenwood-volume-21.json,160532
greenwood-volume-21.json,160533
greenwood-volume-21.json,160534
greenwood-volume-21.json,160535
greenwood-volume-21.json,160536
greenwood-volume-21.json,160537
greenwood-volume-21.json,160538
greenwood-volume-21.json,160539
greenwood-volume-21.json,160540
greenwood-volume-21.json,160541
greenwood-volume-21.json,160542
greenwood-volume-21.json,160543
greenwood-volume-21.json,160544
greenwood-volume-21.json,160545
greenwood-volume-21.json,160546
greenwood-volume-21.json,160547
greenwood-volume-21.json,160548
greenwood-volume-21.json,160549
greenwood-volume-21.json,160550
greenwood-volume-21.json,160551
greenwood-volume-21.json,160552
greenwood-volume-21.json,160553
greenwood-volume-21.json,160554
greenwood-volume-21.json,160555
greenwood-volume-21.json,160556
greenwood-volume-21.json,160557
greenwood-volume-21.json,160558
greenwood-volume-21.json,160559
greenwood-volume-21.json,160560
greenwood-volume-21.json,160561
greenwood-volume-21.json,160562
greenwood-volume-22.json,165566
greenwood-volume-22.json,165334
greenwood-volume-22.json,165335
greenwood-volume-22.json,165336
greenwood-volume-22.json,165337
greenwood-volume-22.json,165550
greenwood-volume-22.json,165551
greenwood-volume-22.json,165552
greenwood-volume-22.json,165553
greenwood-volume-22.json,165554
greenwood-volume-22.json,165555
greenwood-volume-22.json,165556
greenwood-volume-22.json,165557
greenwood-volume-22.json,165558
greenwood-volume-22.json,165559
greenwood-volume-22.json,165560
greenwood-volume-22.json,165561
greenwood-volume-22.json,165562
greenwood-volume-22.json,165563
greenwood-volume-22.json,165565
greenwood-volume-22.json,165567
greenwood-volume-22.json,165568
greenwood-volume-22.json,165569
greenwood-volume-22.json,165620
greenwood-volume-22.json,165621
greenwood-volume-22.json,165622
greenwood-volume-22.json,165623
greenwood-volume-22.json,165624
greenwood-volume-22.json,165625
greenwood-volume-22.json,170248
greenwood-volume-22.json,170256
greenwood-volume-22.json,170986
greenwood-volume-22.json,170987
greenwood-volume-22.json,170988
greenwood-volume-22.json,170989
greenwood-volume-22.json,171256
greenwood-volume-31.json,
greenwood-volume-38.json,275977
greenwood-volume-38.json,275978
greenwood-volume-38.json,275979
greenwood-volume-38.json,275980
greenwood-volume-38.json,275981
greenwood-volume-38.json,275982
greenwood-volume-38.json,275983
greenwood-volume-38.json,275984
greenwood-volume-38.json,275985
greenwood-volume-38.json,275986
greenwood-volume-38.json,275987
greenwood-volume-38.json,275988
greenwood-volume-38.json,275989
greenwood-volume-38.json,275990
greenwood-volume-38.json,275991
greenwood-volume-38.json,275992
greenwood-volume-38.json,275993
greenwood-volume-38.json,275994
greenwood-volume-38.json,275995
greenwood-volume-38.json,275996
greenwood-volume-38.json,275997
greenwood-volume-38.json,275998
greenwood-volume-38.json,275999
greenwood-volume-38.json,276000
greenwood-volume-38.json,276001
greenwood-volume-38.json,276002
greenwood-volume-38.json,276003
greenwood-volume-38.json,276004
greenwood-volume-38.json,276005
greenwood-volume-38.json,276006
greenwood-volume-38.json,276007
greenwood-volume-38.json,276008
greenwood-volume-38.json,276009
greenwood-volume-38.json,276010
greenwood-volume-38.json,276011
greenwood-volume-38.json,276012
greenwood-volume-38.json,276013
greenwood-volume-38.json,276014
greenwood-volume-38.json,276015
greenwood-volume-38.json,276016
greenwood-volume-38.json,276017
greenwood-volume-38.json,276018
greenwood-volume-38.json,276019
greenwood-volume-38.json,276020
greenwood-volume-38.json,276021
greenwood-volume-38.json,276022
greenwood-volume-38.json,276023
greenwood-volume-38.json,276024
greenwood-volume-38.json,276025
greenwood-volume-38.json,276026
greenwood-volume-38.json,276027
greenwood-volume-38.json,276028
greenwood-volume-38.json,276029
greenwood-volume-38.json,276030
greenwood-volume-38.json,276031
greenwood-volume-38.json,276032
greenwood-volume-38.json,276033
greenwood-volume-38.json,
greenwood-volume-40.json,288288
greenwood-volume-40.json,292247
greenwood-volume-40.json,292248
greenwood-volume-40.json,292249
greenwood-volume-40.json,292250
greenwood-volume-40.json,292251
greenwood-volume-40.json,292252
greenwood-volume-40.json,292253
greenwood-volume-40.json,292254
greenwood-volume-40.json,292255
greenwood-volume-40.json,292256
greenwood-volume-40.json,292257
greenwood-volume-40.json,292258
greenwood-volume-40.json,292259
greenwood-volume-40.json,292260
greenwood-volume-40.json,292261
greenwood-volume-40.json,292262
greenwood-volume-40.json,292263
greenwood-volume-40.json,292264
greenwood-volume-40.json,292265
greenwood-volume-40.json,292266
greenwood-volume-40.json,292267
greenwood-volume-40.json,292268
greenwood-volume-40.json,292269
greenwood-volume-40.json,292270
greenwood-volume-40.json,292271
greenwood-volume-40.json,292272
greenwood-volume-40.json,292273
greenwood-volume-40.json,292274
greenwood-volume-40.json,292275
greenwood-volume-40.json,292276
greenwood-volume-40.json,292277
greenwood-volume-40.json,292278
greenwood-volume-40.json,292279
greenwood-volume-40.json,292280
greenwood-volume-40.json,292281
greenwood-volume-40.json,292282
greenwood-volume-40.json,292283
greenwood-volume-40.json,292284
greenwood-volume-40.json,292285
greenwood-volume-40.json,292286
greenwood-volume-40.json,292287
greenwood-volume-40.json,292288
greenwood-volume-40.json,292289
greenwood-volume-40.json,292290
greenwood-volume-40.json,292291
greenwood-volume-40.json,292292
greenwood-volume-40.json,292293
greenwood-volume-40.json,292294
greenwood-volume-40.json,292295
greenwood-volume-40.json,292296
greenwood-volume-40.json,292297
greenwood-volume-40.json,292298
greenwood-volume-40.json,292299
greenwood-volume-40.json,292300
greenwood-volume-40.json,292301
greenwood-volume-40.json,292302
greenwood-volume-40.json,292303
greenwood-volume-40.json,
greenwood-volume-42.json,303467
greenwood-volume-42.json,303468
greenwood-volume-42.json,303469
greenwood-volume-42.json,303470
greenwood-volume-42.json,303471
greenwood-volume-42.json,303472
greenwood-volume-42.json,303473
greenwood-volume-42.json,303474
greenwood-volume-42.json,303475
greenwood-volume-42.json,303476
greenwood-volume-42.json,303477
greenwood-volume-42.json,303478
greenwood-volume-42.json,303479
greenwood-volume-42.json,303480
greenwood-volume-42.json,303481
greenwood-volume-42.json,303482
greenwood-volume-42.json,303483
greenwood-volume-42.json,303484
greenwood-volume-42.json,303485
greenwood-volume-42.json,303486
greenwood-volume-42.json,303487
greenwood-volume-42.json,303488
greenwood-volume-42.json,303489
greenwood-volume-42.json,303490
greenwood-volume-42.json,303491
greenwood-volume-42.json,303492
greenwood-volume-42.json,303493
greenwood-volume-42.json,303494
greenwood-volume-42.json,303495
greenwood-volume-42.json,303496
greenwood-volume-42.json,303497
greenwood-volume-42.json,303498
greenwood-volume-42.json,303499
greenwood-volume-42.json,303500
greenwood-volume-42.json,303501
greenwood-volume-42.json,303502
greenwood-volume-42.json,303503
greenwood-volume-42.json,303504
greenwood-volume-42.json,303505
greenwood-volume-42.json,303506
greenwood-volume-42.json,303507
greenwood-volume-42.json,303508
greenwood-volume-42.json,303509
greenwood-volume-42.json,303510
greenwood-volume-42.json,303511
greenwood-volume-42.json,303512
greenwood-volume-42.json,303513
greenwood-volume-42.json,303514
greenwood-volume-42.json,303515
greenwood-volume-42.json,303516
greenwood-volume-42.json,303517
greenwood-volume-42.json,303518
greenwood-volume-42.json,303519
greenwood-volume-42.json,303520
greenwood-volume-42.json,303521
greenwood-volume-42.json,303522
greenwood-volume-42.json,303523
greenwood-volume-45.json,325121
greenwood-volume-49.json,352279
greenwood-volume-55.json,395085
